https://www.maolintu.com/2018/01/03/crawler4jslf4j-failed-to-load-class-org-slf4j-impl-staticloggerbinder/,(crawler4j)SLF4J: Failed to load class “org.slf4j.impl.StaticLoggerBinder”.,
https://www.maolintu.com/2018/01/02/azure-function-error-the-resource-you-are-looking-for-has-been-removed-had-its-name-changed-or-is-temporarily-unavailable/,Azure Function Error: The resource you are looking for has been removed_ had its name changed_ or is temporarily unavailable.,
https://www.maolintu.com/2017/12/31/hadoop-tracking-jobs-log/,Hadoop Tracking jobs log,
https://www.maolintu.com/2017/12/28/hive-lateral-view-introduction/,Hive Lateral view Introduction,
https://www.maolintu.com/2017/12/25/hadoop-error-log4jwarn-no-appenders-could-be-found-for-logger/,Hadoop error: log4j:WARN No appenders could be found for logger,
https://www.maolintu.com/2017/12/25/hadoop-error-java-lang-classnotfoundexceptionorg-codehaus-jackson-map-jsonmappingexception/,Hadoop Error: java.lang.ClassNotFoundException:org.codehaus.jackson.map.JsonMappingException,
https://www.maolintu.com/2017/12/24/hadoop-note-4-mapreduce/,Hadoop Note 4: MapReduce,
https://www.maolintu.com/2017/12/23/hadoop-note-3-core/,Hadoop Note 3: Core,
https://www.maolintu.com/2017/12/22/hadoop-note-2-introducing-hadoop/,Hadoop Note 2: Introducing Hadoop,
https://www.maolintu.com/2017/12/22/hadoop-note-1-database-choices/,Hadoop Note 1: Database Choices,
https://www.maolintu.com/2017/12/25/hadoop-error-log4jwarn-no-appenders-could-be-found-for-logger/,Hadoop error: log4j:WARN No appenders could be found for logger,
https://www.maolintu.com/2017/12/25/hadoop-error-java-lang-classnotfoundexceptionorg-codehaus-jackson-map-jsonmappingexception/,Hadoop Error: java.lang.ClassNotFoundException:org.codehaus.jackson.map.JsonMappingException,
https://www.maolintu.com/2017/08/31/two-method-on-leetcode-25-reverse-nodes-in-k-group/,Two method on Leetcode 25. Reverse Nodes in k-Group,
https://www.maolintu.com/2017/08/28/leetcode-666-path-sum-iv/,Leetcode 666. Path Sum IV,
https://www.maolintu.com/2017/08/27/using-git-in-chrome-os/,Using Git in Chrome Os,
https://www.maolintu.com/2017/08/23/counting-sort-in-java/,Counting Sort in JAVA,
https://www.maolintu.com/2017/08/23/heap-sort-in-java/,Heap Sort in JAVA,
https://www.maolintu.com/2017/08/20/quicksort-and-mergesort-in-java/,QuickSort and MergeSort in JAVA,
https://www.maolintu.com/2017/08/16/leetcode-210-course-schedule-ii/,Leetcode 210. Course Schedule II,
https://www.maolintu.com/2017/08/04/leetcode-some-problems-about-binary-search-tree/,Leetcode Some problems about Binary Search Tree,
https://www.maolintu.com/2017/08/04/leetcode-no-7890-subsets/,Leetcode No.78&90 Subsets,
https://www.maolintu.com/2017/08/03/leetcode-no-48-rotate-image/,Leetcode No.48 Rotate Image,
https://www.maolintu.com/2018/01/03/crawler4jslf4j-failed-to-load-class-org-slf4j-impl-staticloggerbinder/,(crawler4j)SLF4J: Failed to load class “org.slf4j.impl.StaticLoggerBinder”.,
https://www.maolintu.com/2018/01/02/azure-function-error-the-resource-you-are-looking-for-has-been-removed-had-its-name-changed-or-is-temporarily-unavailable/,Azure Function Error: The resource you are looking for has been removed_ had its name changed_ or is temporarily unavailable.,
https://www.maolintu.com/2017/12/31/hadoop-tracking-jobs-log/,Hadoop Tracking jobs log,
https://www.maolintu.com/2017/12/28/hive-lateral-view-introduction/,Hive Lateral view Introduction,
https://www.maolintu.com/2017/12/25/hadoop-error-log4jwarn-no-appenders-could-be-found-for-logger/,Hadoop error: log4j:WARN No appenders could be found for logger,
https://www.maolintu.com/2017/12/25/hadoop-error-java-lang-classnotfoundexceptionorg-codehaus-jackson-map-jsonmappingexception/,Hadoop Error: java.lang.ClassNotFoundException:org.codehaus.jackson.map.JsonMappingException,
https://www.maolintu.com/2017/12/24/hadoop-note-4-mapreduce/,Hadoop Note 4: MapReduce,
https://www.maolintu.com/2017/12/23/hadoop-note-3-core/,Hadoop Note 3: Core,
https://www.maolintu.com/2017/12/22/hadoop-note-2-introducing-hadoop/,Hadoop Note 2: Introducing Hadoop,
https://www.maolintu.com/2017/12/22/hadoop-note-1-database-choices/,Hadoop Note 1: Database Choices,
https://www.maolintu.com/2017/11/12/forward-tutorial-to-configure-djangouwsginginx/,(Forward) Tutorial to Configure Django+uWSGI+Nginx,
https://www.maolintu.com/2017/08/16/leetcode-210-course-schedule-ii/,Leetcode 210. Course Schedule II,
https://www.maolintu.com/2017/08/04/leetcode-some-problems-about-binary-search-tree/,Leetcode Some problems about Binary Search Tree,
https://www.maolintu.com/2017/08/04/leetcode-no-7890-subsets/,Leetcode No.78&90 Subsets,
https://www.maolintu.com/2017/08/03/leetcode-no-48-rotate-image/,Leetcode No.48 Rotate Image,
https://www.maolintu.com/2017/11/12/forward-tutorial-to-configure-djangouwsginginx/,(Forward) Tutorial to Configure Django+uWSGI+Nginx,
https://www.maolintu.com/2018/01/03/crawler4jslf4j-failed-to-load-class-org-slf4j-impl-staticloggerbinder/,(crawler4j)SLF4J: Failed to load class “org.slf4j.impl.StaticLoggerBinder”.,
https://www.maolintu.com/2018/01/02/azure-function-error-the-resource-you-are-looking-for-has-been-removed-had-its-name-changed-or-is-temporarily-unavailable/,Azure Function Error: The resource you are looking for has been removed_ had its name changed_ or is temporarily unavailable.,
https://www.maolintu.com/2017/12/25/hadoop-error-log4jwarn-no-appenders-could-be-found-for-logger/,Hadoop error: log4j:WARN No appenders could be found for logger,
https://www.maolintu.com/2017/12/25/hadoop-error-java-lang-classnotfoundexceptionorg-codehaus-jackson-map-jsonmappingexception/,Hadoop Error: java.lang.ClassNotFoundException:org.codehaus.jackson.map.JsonMappingException,
https://www.maolintu.com/2017/12/23/hadoop-note-3-core/,Hadoop Note 3: Core,
https://www.maolintu.com/2017/12/22/hadoop-note-2-introducing-hadoop/,Hadoop Note 2: Introducing Hadoop,
https://www.maolintu.com/2017/12/19/slides-with-video/,Slides with Video,
https://www.maolintu.com/2017/12/19/an-error-while-running-django-haystack/,An error while running django-haystack,
https://www.maolintu.com/2017/12/10/hello-world/,Introduction Stock Search App on Android,
https://www.maolintu.com/2017/11/12/forward-tutorial-to-configure-djangouwsginginx/,(Forward) Tutorial to Configure Django+uWSGI+Nginx,
https://www.maolintu.com/2017/07/13/reproducewebforms-unobtrusivevalidationmode-requires-a-scriptresourcemapping-for-jquery-please-add-a-scriptresourcemapping-named-jquerycase-sensitive/,Reproduce:WebForms UnobtrusiveValidationMode requires a ScriptResourceMapping for ‘jquery’. Please add a ScriptResourceMapping named jquery(case-sensitive),
https://www.maolintu.com/2017/07/12/reproducearraylist-vs-linkedlist-vs-vector/,Reproduce:ArrayList vs. LinkedList vs. Vector,
https://www.maolintu.com/2017/07/07/solving-unittest-bug-of-csrf_token-in-django/,solving unittest bug of csrf_token in Django,
https://www.maolintu.com/2017/07/02/princeton-algorithm-assignment-1/,Princeton Algorithm Assignment 1,
https://www.maolintu.com/2017/12/22/hadoop-note-2-introducing-hadoop/,Hadoop Note 2: Introducing Hadoop,
https://www.maolintu.com/2017/12/22/hadoop-note-1-database-choices/,Hadoop Note 1: Database Choices,
https://www.maolintu.com/2017/12/19/slides-with-video/,Slides with Video,
https://www.maolintu.com/2017/12/19/an-error-while-running-django-haystack/,An error while running django-haystack,
https://www.maolintu.com/2017/10/24/a-stock-search-web-by-js/,A Stock search Web By JS,
https://www.maolintu.com/2017/10/17/basic-use-of-highcharts/,Basic Use of Highcharts,
https://www.maolintu.com/2017/12/31/hadoop-tracking-jobs-log/,Hadoop Tracking jobs log,
https://www.maolintu.com/2018/01/03/crawler4jslf4j-failed-to-load-class-org-slf4j-impl-staticloggerbinder/,(crawler4j)SLF4J: Failed to load class “org.slf4j.impl.StaticLoggerBinder”.,
https://www.maolintu.com/2017/12/23/hadoop-note-3-core/,Hadoop Note 3: Core,
https://www.maolintu.com/2017/12/19/slides-with-video/,Slides with Video,
https://www.maolintu.com/2017/12/19/an-error-while-running-django-haystack/,An error while running django-haystack,
https://www.maolintu.com/2017/12/10/hello-world/,Introduction Stock Search App on Android,
https://www.maolintu.com/2017/11/12/forward-tutorial-to-configure-djangouwsginginx/,(Forward) Tutorial to Configure Django+uWSGI+Nginx,
https://www.maolintu.com/2017/10/24/a-stock-search-web-by-js/,A Stock search Web By JS,
https://www.maolintu.com/2017/10/17/basic-use-of-highcharts/,Basic Use of Highcharts,
https://www.maolintu.com/2017/09/23/summary-of-constraint-satisfaction-problems/,Summary of Constraint Satisfaction Problems,
https://www.maolintu.com/2017/08/31/two-method-on-leetcode-25-reverse-nodes-in-k-group/,Two method on Leetcode 25. Reverse Nodes in k-Group,
https://www.maolintu.com/2017/08/28/leetcode-666-path-sum-iv/,Leetcode 666. Path Sum IV,
https://www.maolintu.com/2017/08/27/using-git-in-chrome-os/,Using Git in Chrome Os,
https://www.maolintu.com/2017/12/28/hive-lateral-view-introduction/,Hive Lateral view Introduction,
https://www.maolintu.com/2017/12/24/hadoop-note-4-mapreduce/,Hadoop Note 4: MapReduce,
https://www.maolintu.com/2018/01/02/azure-function-error-the-resource-you-are-looking-for-has-been-removed-had-its-name-changed-or-is-temporarily-unavailable/,Azure Function Error: The resource you are looking for has been removed_ had its name changed_ or is temporarily unavailable.,
https://www.maolintu.com/2017/10/24/a-stock-search-web-by-js/,A Stock search Web By JS,
https://www.maolintu.com/2017/10/17/basic-use-of-highcharts/,Basic Use of Highcharts,
https://www.maolintu.com/2017/07/07/solving-unittest-bug-of-csrf_token-in-django/,solving unittest bug of csrf_token in Django,
https://www.maolintu.com/2018/01/03/crawler4jslf4j-failed-to-load-class-org-slf4j-impl-staticloggerbinder/,(crawler4j)SLF4J: Failed to load class “org.slf4j.impl.StaticLoggerBinder”.,
https://www.maolintu.com/2017/07/12/reproducearraylist-vs-linkedlist-vs-vector/,Reproduce:ArrayList vs. LinkedList vs. Vector,
https://www.maolintu.com/2017/08/04/leetcode-some-problems-about-binary-search-tree/,Leetcode Some problems about Binary Search Tree,
https://www.maolintu.com/2018/01/02/azure-function-error-the-resource-you-are-looking-for-has-been-removed-had-its-name-changed-or-is-temporarily-unavailable/,Azure Function Error: The resource you are looking for has been removed_ had its name changed_ or is temporarily unavailable.,
https://www.maolintu.com/2017/08/04/leetcode-no-7890-subsets/,Leetcode No.78&90 Subsets,
https://www.maolintu.com/2017/08/03/leetcode-no-48-rotate-image/,Leetcode No.48 Rotate Image,
https://www.maolintu.com/2017/07/02/princeton-algorithm-assignment-1/,Princeton Algorithm Assignment 1,
https://www.maolintu.com/2018/01/03/crawler4jslf4j-failed-to-load-class-org-slf4j-impl-staticloggerbinder/,(crawler4j)SLF4J: Failed to load class “org.slf4j.impl.StaticLoggerBinder”.,
https://www.maolintu.com/2018/01/02/azure-function-error-the-resource-you-are-looking-for-has-been-removed-had-its-name-changed-or-is-temporarily-unavailable/,Azure Function Error: The resource you are looking for has been removed_ had its name changed_ or is temporarily unavailable.,
https://www.maolintu.com/2017/08/23/counting-sort-in-java/,Counting Sort in JAVA,
https://www.maolintu.com/2017/08/23/heap-sort-in-java/,Heap Sort in JAVA,
https://www.maolintu.com/2017/08/03/leetcode-no-48-rotate-image/,Leetcode No.48 Rotate Image,
https://www.maolintu.com/2018/01/03/crawler4jslf4j-failed-to-load-class-org-slf4j-impl-staticloggerbinder/,(crawler4j)SLF4J: Failed to load class “org.slf4j.impl.StaticLoggerBinder”.,
https://www.maolintu.com/2017/12/31/hadoop-tracking-jobs-log/,Hadoop Tracking jobs log,
https://www.maolintu.com/2017/12/28/hive-lateral-view-introduction/,Hive Lateral view Introduction,
https://www.maolintu.com/2017/12/25/hadoop-error-log4jwarn-no-appenders-could-be-found-for-logger/,Hadoop error: log4j:WARN No appenders could be found for logger,
https://www.maolintu.com/2017/12/25/hadoop-error-java-lang-classnotfoundexceptionorg-codehaus-jackson-map-jsonmappingexception/,Hadoop Error: java.lang.ClassNotFoundException:org.codehaus.jackson.map.JsonMappingException,
https://www.maolintu.com/2017/12/24/hadoop-note-4-mapreduce/,Hadoop Note 4: MapReduce,
https://www.maolintu.com/2017/12/23/hadoop-note-3-core/,Hadoop Note 3: Core,
https://www.maolintu.com/2017/12/22/hadoop-note-2-introducing-hadoop/,Hadoop Note 2: Introducing Hadoop,
https://www.maolintu.com/2017/12/22/hadoop-note-1-database-choices/,Hadoop Note 1: Database Choices,
https://www.maolintu.com/2017/08/31/two-method-on-leetcode-25-reverse-nodes-in-k-group/,Two method on Leetcode 25. Reverse Nodes in k-Group,
https://www.maolintu.com/2017/12/28/hive-lateral-view-introduction/,Hive Lateral view Introduction,
https://www.maolintu.com/2018/01/02/azure-function-error-the-resource-you-are-looking-for-has-been-removed-had-its-name-changed-or-is-temporarily-unavailable/,Azure Function Error: The resource you are looking for has been removed_ had its name changed_ or is temporarily unavailable.,
https://www.maolintu.com/2017/08/04/leetcode-no-7890-subsets/,Leetcode No.78&90 Subsets,
https://www.maolintu.com/2017/09/23/summary-of-constraint-satisfaction-problems/,Summary of Constraint Satisfaction Problems,
https://www.maolintu.com/2017/08/27/using-git-in-chrome-os/,Using Git in Chrome Os,
https://www.maolintu.com/2017/08/16/leetcode-210-course-schedule-ii/,Leetcode 210. Course Schedule II,
https://www.maolintu.com/2017/12/31/hadoop-tracking-jobs-log/,Hadoop Tracking jobs log,
https://www.maolintu.com/2017/12/28/hive-lateral-view-introduction/,Hive Lateral view Introduction,
https://www.maolintu.com/2017/12/25/hadoop-error-log4jwarn-no-appenders-could-be-found-for-logger/,Hadoop error: log4j:WARN No appenders could be found for logger,
https://www.maolintu.com/2017/12/25/hadoop-error-java-lang-classnotfoundexceptionorg-codehaus-jackson-map-jsonmappingexception/,Hadoop Error: java.lang.ClassNotFoundException:org.codehaus.jackson.map.JsonMappingException,
https://www.maolintu.com/2017/12/24/hadoop-note-4-mapreduce/,Hadoop Note 4: MapReduce,
https://www.maolintu.com/2017/12/23/hadoop-note-3-core/,Hadoop Note 3: Core,
https://www.maolintu.com/2017/12/22/hadoop-note-2-introducing-hadoop/,Hadoop Note 2: Introducing Hadoop,
https://www.maolintu.com/2017/12/22/hadoop-note-1-database-choices/,Hadoop Note 1: Database Choices,
https://www.maolintu.com/2017/12/19/slides-with-video/,Slides with Video,
https://www.maolintu.com/2017/12/19/an-error-while-running-django-haystack/,An error while running django-haystack,
https://www.maolintu.com/2017/07/02/princeton-algorithm-assignment-1/,Princeton Algorithm Assignment 1,
https://www.maolintu.com/2018/01/02/azure-function-error-the-resource-you-are-looking-for-has-been-removed-had-its-name-changed-or-is-temporarily-unavailable/,Azure Function Error: The resource you are looking for has been removed_ had its name changed_ or is temporarily unavailable.,
https://www.maolintu.com/2017/11/12/forward-tutorial-to-configure-djangouwsginginx/,(Forward) Tutorial to Configure Django+uWSGI+Nginx,
https://www.maolintu.com/2017/08/27/using-git-in-chrome-os/,Using Git in Chrome Os,
https://www.maolintu.com/2017/12/25/hadoop-error-log4jwarn-no-appenders-could-be-found-for-logger/,Hadoop error: log4j:WARN No appenders could be found for logger,
https://www.maolintu.com/2017/08/27/using-git-in-chrome-os/,Using Git in Chrome Os,
https://www.maolintu.com/2017/08/16/leetcode-210-course-schedule-ii/,Leetcode 210. Course Schedule II,
https://www.maolintu.com/2017/08/03/leetcode-no-48-rotate-image/,Leetcode No.48 Rotate Image,
https://www.maolintu.com/2017/07/13/reproducewebforms-unobtrusivevalidationmode-requires-a-scriptresourcemapping-for-jquery-please-add-a-scriptresourcemapping-named-jquerycase-sensitive/,Reproduce:WebForms UnobtrusiveValidationMode requires a ScriptResourceMapping for ‘jquery’. Please add a ScriptResourceMapping named jquery(case-sensitive),
https://www.maolintu.com/2017/07/12/reproducearraylist-vs-linkedlist-vs-vector/,Reproduce:ArrayList vs. LinkedList vs. Vector,
https://www.maolintu.com/2017/07/07/solving-unittest-bug-of-csrf_token-in-django/,solving unittest bug of csrf_token in Django,
https://www.maolintu.com/2017/08/27/using-git-in-chrome-os/,Using Git in Chrome Os,
https://www.maolintu.com/2018/01/03/crawler4jslf4j-failed-to-load-class-org-slf4j-impl-staticloggerbinder/,(crawler4j)SLF4J: Failed to load class “org.slf4j.impl.StaticLoggerBinder”.,
https://www.maolintu.com/2017/12/31/hadoop-tracking-jobs-log/,Hadoop Tracking jobs log,
https://www.maolintu.com/2017/12/28/hive-lateral-view-introduction/,Hive Lateral view Introduction,
https://www.maolintu.com/2017/12/25/hadoop-error-java-lang-classnotfoundexceptionorg-codehaus-jackson-map-jsonmappingexception/,Hadoop Error: java.lang.ClassNotFoundException:org.codehaus.jackson.map.JsonMappingException,
https://www.maolintu.com/2017/12/24/hadoop-note-4-mapreduce/,Hadoop Note 4: MapReduce,
https://www.maolintu.com/2017/12/23/hadoop-note-3-core/,Hadoop Note 3: Core,
https://www.maolintu.com/2017/12/22/hadoop-note-2-introducing-hadoop/,Hadoop Note 2: Introducing Hadoop,
https://www.maolintu.com/2017/12/22/hadoop-note-1-database-choices/,Hadoop Note 1: Database Choices,
https://www.maolintu.com/2017/08/23/counting-sort-in-java/,Counting Sort in JAVA,
https://www.maolintu.com/2017/08/23/heap-sort-in-java/,Heap Sort in JAVA,
https://www.maolintu.com/2017/08/20/quicksort-and-mergesort-in-java/,QuickSort and MergeSort in JAVA,
https://www.maolintu.com/2017/07/12/reproducearraylist-vs-linkedlist-vs-vector/,Reproduce:ArrayList vs. LinkedList vs. Vector,
https://www.maolintu.com/2017/08/27/using-git-in-chrome-os/,Using Git in Chrome Os,
https://www.maolintu.com/2017/08/23/counting-sort-in-java/,Counting Sort in JAVA,
https://www.maolintu.com/2017/08/23/heap-sort-in-java/,Heap Sort in JAVA,
https://www.maolintu.com/2017/08/20/quicksort-and-mergesort-in-java/,QuickSort and MergeSort in JAVA,
https://www.maolintu.com/2017/10/24/a-stock-search-web-by-js/,A Stock search Web By JS,
https://www.maolintu.com/2017/10/17/basic-use-of-highcharts/,Basic Use of Highcharts,
https://www.maolintu.com/2017/09/23/summary-of-constraint-satisfaction-problems/,Summary of Constraint Satisfaction Problems,
https://www.maolintu.com/2017/08/31/two-method-on-leetcode-25-reverse-nodes-in-k-group/,Two method on Leetcode 25. Reverse Nodes in k-Group,
https://www.maolintu.com/2017/08/28/leetcode-666-path-sum-iv/,Leetcode 666. Path Sum IV,
https://www.maolintu.com/2017/08/23/counting-sort-in-java/,Counting Sort in JAVA,
https://www.maolintu.com/2017/08/23/heap-sort-in-java/,Heap Sort in JAVA,
https://www.maolintu.com/2017/08/20/quicksort-and-mergesort-in-java/,QuickSort and MergeSort in JAVA,
https://www.maolintu.com/2017/08/16/leetcode-210-course-schedule-ii/,Leetcode 210. Course Schedule II,
https://www.maolintu.com/2017/08/04/leetcode-some-problems-about-binary-search-tree/,Leetcode Some problems about Binary Search Tree,
https://www.maolintu.com/2017/08/04/leetcode-some-problems-about-binary-search-tree/,Leetcode Some problems about Binary Search Tree,
https://www.maolintu.com/2017/08/04/leetcode-no-7890-subsets/,Leetcode No.78&90 Subsets,
https://www.maolintu.com/2017/12/10/hello-world/,Introduction Stock Search App on Android,
https://www.maolintu.com/2017/08/20/quicksort-and-mergesort-in-java/,QuickSort and MergeSort in JAVA,
https://www.maolintu.com/2017/08/31/two-method-on-leetcode-25-reverse-nodes-in-k-group/,Two method on Leetcode 25. Reverse Nodes in k-Group,
https://www.maolintu.com/2017/08/28/leetcode-666-path-sum-iv/,Leetcode 666. Path Sum IV,
https://www.maolintu.com/2017/08/16/leetcode-210-course-schedule-ii/,Leetcode 210. Course Schedule II,
https://www.maolintu.com/2017/08/31/two-method-on-leetcode-25-reverse-nodes-in-k-group/,Two method on Leetcode 25. Reverse Nodes in k-Group,
https://www.maolintu.com/2017/08/28/leetcode-666-path-sum-iv/,Leetcode 666. Path Sum IV,
https://www.maolintu.com/2017/08/23/counting-sort-in-java/,Counting Sort in JAVA,
https://www.maolintu.com/2017/08/23/heap-sort-in-java/,Heap Sort in JAVA,
https://www.maolintu.com/2017/08/20/quicksort-and-mergesort-in-java/,QuickSort and MergeSort in JAVA,
https://www.maolintu.com/2017/08/16/leetcode-210-course-schedule-ii/,Leetcode 210. Course Schedule II,
https://www.maolintu.com/2017/08/04/leetcode-some-problems-about-binary-search-tree/,Leetcode Some problems about Binary Search Tree,
https://www.maolintu.com/2017/08/04/leetcode-no-7890-subsets/,Leetcode No.78&90 Subsets,
https://www.maolintu.com/2017/08/03/leetcode-no-48-rotate-image/,Leetcode No.48 Rotate Image,
https://www.maolintu.com/2017/07/02/princeton-algorithm-assignment-1/,Princeton Algorithm Assignment 1,
https://www.maolintu.com/2017/08/31/two-method-on-leetcode-25-reverse-nodes-in-k-group/,Two method on Leetcode 25. Reverse Nodes in k-Group,
https://www.maolintu.com/2017/08/28/leetcode-666-path-sum-iv/,Leetcode 666. Path Sum IV,
https://www.maolintu.com/2017/08/16/leetcode-210-course-schedule-ii/,Leetcode 210. Course Schedule II,
https://www.maolintu.com/2017/08/04/leetcode-some-problems-about-binary-search-tree/,Leetcode Some problems about Binary Search Tree,
https://www.maolintu.com/2017/08/28/leetcode-666-path-sum-iv/,Leetcode 666. Path Sum IV,
https://www.maolintu.com/2017/08/16/leetcode-210-course-schedule-ii/,Leetcode 210. Course Schedule II,
https://www.maolintu.com/2017/07/02/princeton-algorithm-assignment-1/,Princeton Algorithm Assignment 1,
https://www.maolintu.com/2017/12/19/slides-with-video/,Slides with Video,
https://www.maolintu.com/2017/12/19/an-error-while-running-django-haystack/,An error while running django-haystack,
https://www.maolintu.com/2017/12/10/hello-world/,Introduction Stock Search App on Android,
https://www.maolintu.com/2017/11/12/forward-tutorial-to-configure-djangouwsginginx/,(Forward) Tutorial to Configure Django+uWSGI+Nginx,
https://www.maolintu.com/2017/10/24/a-stock-search-web-by-js/,A Stock search Web By JS,
https://www.maolintu.com/2017/10/17/basic-use-of-highcharts/,Basic Use of Highcharts,
https://www.maolintu.com/2017/09/23/summary-of-constraint-satisfaction-problems/,Summary of Constraint Satisfaction Problems,
https://www.maolintu.com/2017/08/31/two-method-on-leetcode-25-reverse-nodes-in-k-group/,Two method on Leetcode 25. Reverse Nodes in k-Group,
https://www.maolintu.com/2017/08/28/leetcode-666-path-sum-iv/,Leetcode 666. Path Sum IV,
https://www.maolintu.com/2017/08/27/using-git-in-chrome-os/,Using Git in Chrome Os,
https://www.maolintu.com/2017/07/07/solving-unittest-bug-of-csrf_token-in-django/,solving unittest bug of csrf_token in Django,
https://www.maolintu.com/2017/11/12/forward-tutorial-to-configure-djangouwsginginx/,(Forward) Tutorial to Configure Django+uWSGI+Nginx,
https://www.maolintu.com/2017/07/02/princeton-algorithm-assignment-1/,Princeton Algorithm Assignment 1,
https://www.maolintu.com/2017/12/19/an-error-while-running-django-haystack/,An error while running django-haystack,
https://www.maolintu.com/2017/11/12/forward-tutorial-to-configure-djangouwsginginx/,(Forward) Tutorial to Configure Django+uWSGI+Nginx,
https://www.maolintu.com/2017/07/07/solving-unittest-bug-of-csrf_token-in-django/,solving unittest bug of csrf_token in Django,
https://www.maolintu.com/2017/07/13/reproducewebforms-unobtrusivevalidationmode-requires-a-scriptresourcemapping-for-jquery-please-add-a-scriptresourcemapping-named-jquerycase-sensitive/,Reproduce:WebForms UnobtrusiveValidationMode requires a ScriptResourceMapping for ‘jquery’. Please add a ScriptResourceMapping named jquery(case-sensitive),
https://www.maolintu.com/2017/12/19/an-error-while-running-django-haystack/,An error while running django-haystack,
https://www.maolintu.com/2017/11/12/forward-tutorial-to-configure-djangouwsginginx/,(Forward) Tutorial to Configure Django+uWSGI+Nginx,
https://www.maolintu.com/2017/07/02/princeton-algorithm-assignment-1/,Princeton Algorithm Assignment 1,
https://www.maolintu.com/2017/07/13/reproducewebforms-unobtrusivevalidationmode-requires-a-scriptresourcemapping-for-jquery-please-add-a-scriptresourcemapping-named-jquerycase-sensitive/,Reproduce:WebForms UnobtrusiveValidationMode requires a ScriptResourceMapping for ‘jquery’. Please add a ScriptResourceMapping named jquery(case-sensitive),
https://www.maolintu.com/2017/07/13/reproducewebforms-unobtrusivevalidationmode-requires-a-scriptresourcemapping-for-jquery-please-add-a-scriptresourcemapping-named-jquerycase-sensitive/,Reproduce:WebForms UnobtrusiveValidationMode requires a ScriptResourceMapping for ‘jquery’. Please add a ScriptResourceMapping named jquery(case-sensitive),
https://www.maolintu.com/2017/07/13/reproducewebforms-unobtrusivevalidationmode-requires-a-scriptresourcemapping-for-jquery-please-add-a-scriptresourcemapping-named-jquerycase-sensitive/,Reproduce:WebForms UnobtrusiveValidationMode requires a ScriptResourceMapping for ‘jquery’. Please add a ScriptResourceMapping named jquery(case-sensitive),
https://www.maolintu.com/2017/07/12/reproducearraylist-vs-linkedlist-vs-vector/,Reproduce:ArrayList vs. LinkedList vs. Vector,
https://www.maolintu.com/2017/08/04/leetcode-no-7890-subsets/,Leetcode No.78&90 Subsets,
https://www.maolintu.com/2017/08/03/leetcode-no-48-rotate-image/,Leetcode No.48 Rotate Image,
https://www.maolintu.com/2017/07/13/reproducewebforms-unobtrusivevalidationmode-requires-a-scriptresourcemapping-for-jquery-please-add-a-scriptresourcemapping-named-jquerycase-sensitive/,Reproduce:WebForms UnobtrusiveValidationMode requires a ScriptResourceMapping for ‘jquery’. Please add a ScriptResourceMapping named jquery(case-sensitive),
https://www.maolintu.com/2017/07/12/reproducearraylist-vs-linkedlist-vs-vector/,Reproduce:ArrayList vs. LinkedList vs. Vector,
https://www.maolintu.com/2017/07/02/princeton-algorithm-assignment-1/,Princeton Algorithm Assignment 1,
https://www.maolintu.com/2017/09/23/summary-of-constraint-satisfaction-problems/,Summary of Constraint Satisfaction Problems,
https://www.maolintu.com/2017/10/24/a-stock-search-web-by-js/,A Stock search Web By JS,
https://www.maolintu.com/2017/12/10/hello-world/,Introduction Stock Search App on Android,
https://www.maolintu.com/2017/10/17/basic-use-of-highcharts/,Basic Use of Highcharts,
https://www.maolintu.com/2017/08/23/counting-sort-in-java/,Counting Sort in JAVA,
https://www.maolintu.com/2017/08/23/heap-sort-in-java/,Heap Sort in JAVA,
https://www.maolintu.com/2017/08/20/quicksort-and-mergesort-in-java/,QuickSort and MergeSort in JAVA,
https://www.maolintu.com/2017/08/16/leetcode-210-course-schedule-ii/,Leetcode 210. Course Schedule II,
https://www.maolintu.com/2017/08/04/leetcode-some-problems-about-binary-search-tree/,Leetcode Some problems about Binary Search Tree,
https://www.maolintu.com/2017/08/04/leetcode-no-7890-subsets/,Leetcode No.78&90 Subsets,
https://www.maolintu.com/2017/08/03/leetcode-no-48-rotate-image/,Leetcode No.48 Rotate Image,
https://www.maolintu.com/2017/07/13/reproducewebforms-unobtrusivevalidationmode-requires-a-scriptresourcemapping-for-jquery-please-add-a-scriptresourcemapping-named-jquerycase-sensitive/,Reproduce:WebForms UnobtrusiveValidationMode requires a ScriptResourceMapping for ‘jquery’. Please add a ScriptResourceMapping named jquery(case-sensitive),
https://www.maolintu.com/2017/07/12/reproducearraylist-vs-linkedlist-vs-vector/,Reproduce:ArrayList vs. LinkedList vs. Vector,
https://www.maolintu.com/2017/07/07/solving-unittest-bug-of-csrf_token-in-django/,solving unittest bug of csrf_token in Django,
https://www.maolintu.com/2017/09/23/summary-of-constraint-satisfaction-problems/,Summary of Constraint Satisfaction Problems,
https://www.maolintu.com/2017/09/23/summary-of-constraint-satisfaction-problems/,Summary of Constraint Satisfaction Problems,
https://www.maolintu.com/2017/08/23/counting-sort-in-java/,Counting Sort in JAVA,
https://www.maolintu.com/2017/08/23/heap-sort-in-java/,Heap Sort in JAVA,
https://www.maolintu.com/2017/08/20/quicksort-and-mergesort-in-java/,QuickSort and MergeSort in JAVA,
https://www.maolintu.com/2017/08/16/leetcode-210-course-schedule-ii/,Leetcode 210. Course Schedule II,
https://www.maolintu.com/2017/08/04/leetcode-some-problems-about-binary-search-tree/,Leetcode Some problems about Binary Search Tree,
https://www.maolintu.com/2017/08/04/leetcode-no-7890-subsets/,Leetcode No.78&90 Subsets,
https://www.maolintu.com/2017/08/03/leetcode-no-48-rotate-image/,Leetcode No.48 Rotate Image,
https://www.maolintu.com/2017/07/13/reproducewebforms-unobtrusivevalidationmode-requires-a-scriptresourcemapping-for-jquery-please-add-a-scriptresourcemapping-named-jquerycase-sensitive/,Reproduce:WebForms UnobtrusiveValidationMode requires a ScriptResourceMapping for ‘jquery’. Please add a ScriptResourceMapping named jquery(case-sensitive),
https://www.maolintu.com/2017/07/12/reproducearraylist-vs-linkedlist-vs-vector/,Reproduce:ArrayList vs. LinkedList vs. Vector,
https://www.maolintu.com/2017/07/07/solving-unittest-bug-of-csrf_token-in-django/,solving unittest bug of csrf_token in Django,
